Country Or Territory,NUTS1,NUTS1 Name,NUTS2,NUTS2 Name,NUTS3,NUTS3 Name,Urbanisation Degree,Year,Air Pollutant,Scenario,Population,Populated Area [km2],Air Pollution Average [ug/m3],Air Pollution Population Weighted Average [ug/m3],Premature Deaths,Premature Deaths - lower CI,Premature Deaths - upper CI,Years Of Life Lost,Years Of Life Lost - lower CI,Years Of Life Lost - upper CI
"Germany","DE3","Berlin","DE30","Berlin","DE300","Berlin","Rural","2020","NO2","WHO_2005_HRAPIE_Scen_Base","8518","97","8.8","9.6","0","0","0","0","0","0"
"Germany","DE3","Berlin","DE30","Berlin","DE300","Berlin","Rural","2020","O3","WHO_2005_HRAPIE_Scen_Base","8518","97","4105.4","4058.0","0","0","0","3","2","5"
"Germany","DE3","Berlin","DE30","Berlin","DE300","Berlin","Rural","2020","PM10","WHO_2005_HRAPIE_Scen_Base","8518","97","13.9","14.3","0","0","0","0","0","0"
"Germany","DE3","Berlin","DE30","Berlin","DE300","Berlin","Rural","2020","PM2.5","WHO_2005_HRAPIE_Scen_Base","8518","97","9.4","9.6","5","4","7","56","37","73"
"Germany","DE3","Berlin","DE30","Berlin","DE300","Berlin","All Areas (incl.unclassified)","2020","NO2","WHO_2021_AQG_Scen_Base","3392871","801","15.1","18.5","634","319","1243","6491","3276","12737"
"Germany","DE3","Berlin","DE30","Berlin","DE300","Berlin","All Areas (incl.unclassified)","2020","O3","WHO_2021_AQG_Scen_Base","3392871","801","3955.2","3917.0","177","139","214","1871","1481","2262"
"Germany","DE3","Berlin","DE30","Berlin","DE300","Berlin","All Areas (incl.unclassified)","2020","PM10","WHO_2021_AQG_Scen_Base","3392871","801","16.0","16.7","0","0","0","0","0","0"
"Germany","DE3","Berlin","DE30","Berlin","DE300","Berlin","All Areas (incl.unclassified)","2020","PM2.5","WHO_2021_AQG_Scen_Base","3392871","801","10.8","11.2","1785","1360","1994","18299","13934","20432"
"Germany","DE3","Berlin","DE30","Berlin","DE300","Berlin","Urban","2020","NO2","WHO_2021_AQG_Scen_Base","3256660","594","16.7","18.7","625","315","1226","6400","3231","12558"
"Germany","DE3","Berlin","DE30","Berlin","DE300","Berlin","Urban","2020","O3","WHO_2021_AQG_Scen_Base","3256660","594","3927.9","3915.7","170","134","205","1795","1421","2170"
"Germany","DE3","Berlin","DE30","Berlin","DE300","Berlin","Urban","2020","PM10","WHO_2021_AQG_Scen_Base","3256660","594","16.5","16.7","0","0","0","0","0","0"
"Germany","DE3","Berlin","DE30","Berlin","DE300","Berlin","Urban","2020","PM2.5","WHO_2021_AQG_Scen_Base","3256660","594","11.1","11.2","1723","1312","1924","17659","13448","19718"
"Germany","DE3","Berlin","DE30","Berlin","DE300","Berlin","Suburban","2020","NO2","WHO_2021_AQG_Scen_Base","127693","110","12.3","13.1","9","4","17","90","45","177"
"Germany","DE3","Berlin","DE30","Berlin","DE300","Berlin","Suburban","2020","O3","WHO_2021_AQG_Scen_Base","127693","110","3970.0","3941.8","7","5","8","71","56","86"
"Germany","DE3","Berlin","DE30","Berlin","DE300","Berlin","Suburban","2020","PM10","WHO_2021_AQG_Scen_Base","127693","110","15.4","15.6","0","0","0","0","0","0"
"Germany","DE3","Berlin","DE30","Berlin","DE300","Berlin","Suburban","2020","PM2.5","WHO_2021_AQG_Scen_Base","127693","110","10.4","10.4","59","45","66","605","460","675"
"Germany","DE3","Berlin","DE30","Berlin","DE300","Berlin","Rural","2020","NO2","WHO_2021_AQG_Scen_Base","8518","97","8.8","9.6","0","0","0","1","0","2"
"Germany","DE3","Berlin","DE30","Berlin","DE300","Berlin","Rural","2020","O3","WHO_2021_AQG_Scen_Base","8518","97","4105.4","4058.0","0","0","1","5","4","6"
"Germany","DE3","Berlin","DE30","Berlin","DE300","Berlin","Rural","2020","PM10","WHO_2021_AQG_Scen_Base","8518","97","13.9","14.3","0","0","0","0","0","0"
"Germany","DE3","Berlin","DE30","Berlin","DE300","Berlin","Rural","2020","PM2.5","WHO_2021_AQG_Scen_Base","8518","97","9.4","9.6","3","3","4","35","26","39"
"Germany","DE3","Berlin","DE30","Berlin","DE300","Berlin","All Areas (incl.unclassified)","2020","NO2","WHO_2021_AQG_Scen_Sensitivity_2","3392871","801","15.1","18.5","1372","696","2668","14053","7126","27329"
"Germany","DE3","Berlin","DE30","Berlin","DE300","Berlin","All Areas (incl.unclassified)","2020","O3","WHO_2021_AQG_Scen_Sensitivity_2","3392871","801","17800.4","17669.7","791","628","954","8374","6638","10102"
"Germany","DE3","Berlin","DE30","Berlin","DE300","Berlin","All Areas (incl.unclassified)","2020","PM2.5","WHO_2021_AQG_Scen_Sensitivity_2","3392871","801","10.8","11.2","3163","2420","3525","32415","24798","36114"
"Germany","DE3","Berlin","DE30","Berlin","DE300","Berlin","Urban","2020","NO2","WHO_2021_AQG_Scen_Sensitivity_2","3256660","594","16.7","18.7","1333","676","2592","13657","6926","26556"
"Germany","DE3","Berlin","DE30","Berlin","DE300","Berlin","Urban","2020","O3","WHO_2021_AQG_Scen_Sensitivity_2","3256660","594","17705.8","17661.8","759","602","916","8034","6369","9692"
"Germany","DE3","Berlin","DE30","Berlin","DE300","Berlin","All Areas (incl.unclassified)","2010","NO2","WHO_2005_HRAPIE_Scen_Base","3337209","801","22.9","27.6","1343","775","1908","15363","8863","21825"
"Germany","DE3","Berlin","DE30","Berlin","DE300","Berlin","All Areas (incl.unclassified)","2010","O3","WHO_2005_HRAPIE_Scen_Base","3337209","801","3914.2","3837.1","102","49","151","1211","586","1794"
"Germany","DE3","Berlin","DE30","Berlin","DE300","Berlin","All Areas (incl.unclassified)","2010","PM10","WHO_2005_HRAPIE_Scen_Base","3337209","801","25.2","25.8","0","0","0","0","0","0"
"Germany","DE3","Berlin","DE30","Berlin","DE300","Berlin","All Areas (incl.unclassified)","2010","PM2.5","WHO_2005_HRAPIE_Scen_Base","3337209","801","19.6","19.9","3765","2505","4896","43062","28657","56006"
"Germany","DE3","Berlin","DE30","Berlin","DE300","Berlin","Urban","2010","NO2","WHO_2005_HRAPIE_Scen_Base","3203232","594","25.3","28.0","1339","773","1903","15321","8839","21765"
"Germany","DE3","Berlin","DE30","Berlin","DE300","Berlin","Urban","2010","O3","WHO_2005_HRAPIE_Scen_Base","3203232","594","3863.8","3835.3","98","47","145","1162","562","1721"
"Germany","DE3","Berlin","DE30","Berlin","DE300","Berlin","Urban","2010","PM10","WHO_2005_HRAPIE_Scen_Base","3203232","594","25.6","25.8","0","0","0","0","0","0"
"Germany","DE3","Berlin","DE30","Berlin","DE300","Berlin","Urban","2010","PM2.5","WHO_2005_HRAPIE_Scen_Base","3203232","594","19.8","19.9","3615","2406","4702","41354","27521","53784"
"Germany","DE3","Berlin","DE30","Berlin","DE300","Berlin","Suburban","2010","NO2","WHO_2005_HRAPIE_Scen_Base","125598","110","17.7","18.6","4","2","5","42","24","60"
"Germany","DE3","Berlin","DE30","Berlin","DE300","Berlin","Suburban","2010","O3","WHO_2005_HRAPIE_Scen_Base","125598","110","3896.0","3860.4","4","2","6","46","22","68"
"Germany","DE3","Berlin","DE30","Berlin","DE300","Berlin","Suburban","2010","PM10","WHO_2005_HRAPIE_Scen_Base","125598","110","25.0","25.1","0","0","0","0","0","0"
"Germany","DE3","Berlin","DE30","Berlin","DE300","Berlin","Suburban","2010","PM2.5","WHO_2005_HRAPIE_Scen_Base","125598","110","19.6","19.7","141","93","183","1607","1069","2091"
"Germany","DE3","Berlin","DE30","Berlin","DE300","Berlin","Rural","2010","NO2","WHO_2005_HRAPIE_Scen_Base","8379","97","14.3","14.8","0","0","0","0","0","0"
"Germany","DE3","Berlin","DE30","Berlin","DE300","Berlin","Rural","2010","O3","WHO_2005_HRAPIE_Scen_Base","8379","97","4243.3","4156.9","0","0","0","3","2","5"
"Germany","DE3","Berlin","DE30","Berlin","DE300","Berlin","Rural","2010","PM10","WHO_2005_HRAPIE_Scen_Base","8379","97","22.7","23.1","0","0","0","0","0","0"
"Germany","DE3","Berlin","DE30","Berlin","DE300","Berlin","Rural","2010","PM2.5","WHO_2005_HRAPIE_Scen_Base","8379","97","18.2","18.5","9","6","11","101","67","131"
"Germany","DE3","Berlin","DE30","Berlin","DE300","Berlin","All Areas (incl.unclassified)","2010","NO2","WHO_2021_AQG_Scen_Base","3337209","801","22.9","27.6","1143","579","2223","13069","6628","25421"
"Germany","DE3","Berlin","DE30","Berlin","DE300","Berlin","All Areas (incl.unclassified)","2010","O3","WHO_2021_AQG_Scen_Base","3337209","801","3914.2","3837.1","151","120","183","1794","1420","2167"
"Germany","DE3","Berlin","DE30","Berlin","DE300","Berlin","All Areas (incl.unclassified)","2010","PM10","WHO_2021_AQG_Scen_Base","3337209","801","25.2","25.8","0","0","0","0","0","0"
"Germany","DE3","Berlin","DE30","Berlin","DE300","Berlin","All Areas (incl.unclassified)","2010","PM2.5","WHO_2021_AQG_Scen_Base","3337209","801","19.6","19.9","3612","2773","4019","41330","31721","45969"
"Germany","DE3","Berlin","DE30","Berlin","DE300","Berlin","Urban","2010","NO2","WHO_2021_AQG_Scen_Base","3203232","594","25.3","28.0","1121","568","2179","12818","6501","24928"
"Germany","DE3","Berlin","DE30","Berlin","DE300","Berlin","Urban","2010","O3","WHO_2021_AQG_Scen_Base","3203232","594","3863.8","3835.3","145","115","176","1721","1362","2079"
"Germany","DE3","Berlin","DE30","Berlin","DE300","Berlin","Urban","2010","PM10","WHO_2021_AQG_Scen_Base","3203232","594","25.6","25.8","0","0","0","0","0","0"
"Germany","DE3","Berlin","DE30","Berlin","DE300","Berlin","Urban","2010","PM2.5","WHO_2021_AQG_Scen_Base","3203232","594","19.8","19.9","3470","2664","3860","39697","30469","44153"
"Germany","DE3","Berlin","DE30","Berlin","DE300","Berlin","Suburban","2010","NO2","WHO_2021_AQG_Scen_Base","125598","110","17.7","18.6","21","11","42","242","122","475"
"Germany","DE3","Berlin","DE30","Berlin","DE300","Berlin","Suburban","2010","O3","WHO_2021_AQG_Scen_Base","125598","110","3896.0","3860.4","6","5","7","68","54","82"
"Germany","DE3","Berlin","DE30","Berlin","DE300","Berlin","Suburban","2010","PM10","WHO_2021_AQG_Scen_Base","125598","110","25.0","25.1","0","0","0","0","0","0"
"Germany","DE3","Berlin","DE30","Berlin","DE300","Berlin","Suburban","2010","PM2.5","WHO_2021_AQG_Scen_Base","125598","110","19.6","19.7","134","103","150","1538","1180","1711"
"Germany","DE3","Berlin","DE30","Berlin","DE300","Berlin","Rural","2010","NO2","WHO_2021_AQG_Scen_Base","8379","97","14.3","14.8","1","0","2","9","5","18"
"Germany","DE3","Berlin","DE30","Berlin","DE300","Berlin","Rural","2010","O3","WHO_2021_AQG_Scen_Base","8379","97","4243.3","4156.9","0","0","0","5","4","6"
"Germany","DE3","Berlin","DE30","Berlin","DE300","Berlin","Rural","2010","PM10","WHO_2021_AQG_Scen_Base","8379","97","22.7","23.1","0","0","0","0","0","0"
"Germany","DE3","Berlin","DE30","Berlin","DE300","Berlin","Rural","2010","PM2.5","WHO_2021_AQG_Scen_Base","8379","97","18.2","18.5","8","6","9","95","72","105"
"Germany","DE3","Berlin","DE30","Berlin","DE300","Berlin","All Areas (incl.unclassified)","2010","NO2","WHO_2021_AQG_Scen_Sensitivity_2","3337209","801","22.9","27.6","1775","904","3422","20310","10347","39149"
"Germany","DE3","Berlin","DE30","Berlin","DE300","Berlin","All Areas (incl.unclassified)","2010","PM2.5","WHO_2021_AQG_Scen_Sensitivity_2","3337209","801","19.6","19.9","4738","3653","5258","54202","41790","60156"
"Germany","DE3","Berlin","DE30","Berlin","DE300","Berlin","Urban","2010","NO2","WHO_2021_AQG_Scen_Sensitivity_2","3203232","594","25.3","28.0","1728","880","3329","19763","10070","38085"
"Germany","DE3","Berlin","DE30","Berlin","DE300","Berlin","Urban","2010","PM2.5","WHO_2021_AQG_Scen_Sensitivity_2","3203232","594","19.8","19.9","4550","3508","5050","52052","40132","57769"
"Germany","DE3","Berlin","DE30","Berlin","DE300","Berlin","Suburban","2010","NO2","WHO_2021_AQG_Scen_Sensitivity_2","125598","110","17.7","18.6","45","23","88","519","263","1010"
"Germany","DE3","Berlin","DE30","Berlin","DE300","Berlin","Suburban","2010","PM2.5","WHO_2021_AQG_Scen_Sensitivity_2","125598","110","19.6","19.7","177","136","196","2023","1560","2246"
"Germany","DE3","Berlin","DE30","Berlin","DE300","Berlin","Rural","2010","NO2","WHO_2021_AQG_Scen_Sensitivity_2","8379","97","14.3","14.8","2","1","5","28","14","54"
"Germany","DE3","Berlin","DE30","Berlin","DE300","Berlin","Rural","2010","PM2.5","WHO_2021_AQG_Scen_Sensitivity_2","8379","97","18.2","18.5","11","9","12","127","98","141"
"Germany","DE3","Berlin","DE30","Berlin","DE300","Berlin","All Areas (incl.unclassified)","2011","O3","WHO_2005_HRAPIE_Scen_Base","3272742","801","4111.7","4042.0","107","52","158","1255","607","1858"
"Germany","DE3","Berlin","DE30","Berlin","DE300","Berlin","All Areas (incl.unclassified)","2011","PM10","WHO_2005_HRAPIE_Scen_Base","3272742","801","23.7","24.4","0","0","0","0","0","0"
"Germany","DE3","Berlin","DE30","Berlin","DE300","Berlin","All Areas (incl.unclassified)","2011","PM2.5","WHO_2005_HRAPIE_Scen_Base","3272742","801","19.0","19.5","3674","2444","4780","41591","27669","54110"
"Germany","DE3","Berlin","DE30","Berlin","DE300","Berlin","Urban","2011","O3","WHO_2005_HRAPIE_Scen_Base","3141353","594","4070.9","4040.4","103","50","152","1204","582","1783"
"Germany","DE3","Berlin","DE30","Berlin","DE300","Berlin","Urban","2011","PM10","WHO_2005_HRAPIE_Scen_Base","3141353","594","24.2","24.4","0","0","0","0","0","0"
"Germany","DE3","Berlin","DE30","Berlin","DE300","Berlin","Urban","2011","PM2.5","WHO_2005_HRAPIE_Scen_Base","3141353","594","19.4","19.5","3529","2348","4591","39950","26577","51975"
"Germany","DE3","Berlin","DE30","Berlin","DE300","Berlin","Suburban","2011","O3","WHO_2005_HRAPIE_Scen_Base","123172","110","4100.0","4066.5","4","2","6","48","23","70"
"Germany","DE3","Berlin","DE30","Berlin","DE300","Berlin","Suburban","2011","PM10","WHO_2005_HRAPIE_Scen_Base","123172","110","23.8","24.0","0","0","0","0","0","0"
"Germany","DE3","Berlin","DE30","Berlin","DE300","Berlin","Suburban","2011","PM2.5","WHO_2005_HRAPIE_Scen_Base","123172","110","19.1","19.3","137","91","178","1548","1030","2014"
"Germany","DE3","Berlin","DE30","Berlin","DE300","Berlin","Rural","2011","O3","WHO_2005_HRAPIE_Scen_Base","8217","97","4375.0","4302.3","0","0","0","3","2","5"
"Germany","DE3","Berlin","DE30","Berlin","DE300","Berlin","Rural","2011","PM10","WHO_2005_HRAPIE_Scen_Base","8217","97","20.8","21.4","0","0","0","0","0","0"
"Germany","DE3","Berlin","DE30","Berlin","DE300","Berlin","Rural","2011","PM2.5","WHO_2005_HRAPIE_Scen_Base","8217","97","16.8","17.3","8","5","11","93","62","121"
"Germany","DE3","Berlin","DE30","Berlin","DE300","Berlin","All Areas (incl.unclassified)","2011","O3","WHO_2021_AQG_Scen_Base","3272742","801","4111.7","4042.0","158","125","192","1858","1471","2245"
"Germany","DE3","Berlin","DE30","Berlin","DE300","Berlin","All Areas (incl.unclassified)","2011","PM10","WHO_2021_AQG_Scen_Base","3272742","801","23.7","24.4","0","0","0","0","0","0"
"Germany","DE3","Berlin","DE30","Berlin","DE300","Berlin","All Areas (incl.unclassified)","2011","PM2.5","WHO_2021_AQG_Scen_Base","3272742","801","19.0","19.5","3505","2690","3899","39682","30448","44144"
"Germany","DE3","Berlin","DE30","Berlin","DE300","Berlin","Urban","2011","O3","WHO_2021_AQG_Scen_Base","3141353","594","4070.9","4040.4","152","120","184","1783","1411","2154"
"Germany","DE3","Berlin","DE30","Berlin","DE300","Berlin","Urban","2011","PM10","WHO_2021_AQG_Scen_Base","3141353","594","24.2","24.4","0","0","0","0","0","0"
"Germany","DE3","Berlin","DE30","Berlin","DE300","Berlin","Urban","2011","PM2.5","WHO_2021_AQG_Scen_Base","3141353","594","19.4","19.5","3368","2584","3746","38126","29254","42412"
"Germany","DE3","Berlin","DE30","Berlin","DE300","Berlin","Suburban","2011","O3","WHO_2021_AQG_Scen_Base","123172","110","4100.0","4066.5","6","5","7","70","56","85"
"Germany","DE3","Berlin","DE30","Berlin","DE300","Berlin","Suburban","2011","PM10","WHO_2021_AQG_Scen_Base","123172","110","23.8","24.0","0","0","0","0","0","0"
"Germany","DE3","Berlin","DE30","Berlin","DE300","Berlin","Suburban","2011","PM2.5","WHO_2021_AQG_Scen_Base","123172","110","19.1","19.3","130","100","145","1471","1129","1637"
"Germany","DE3","Berlin","DE30","Berlin","DE300","Berlin","Rural","2011","O3","WHO_2021_AQG_Scen_Base","8217","97","4375.0","4302.3","0","0","1","5","4","6"
"Germany","DE3","Berlin","DE30","Berlin","DE300","Berlin","Rural","2011","PM10","WHO_2021_AQG_Scen_Base","8217","97","20.8","21.4","0","0","0","0","0","0"
"Germany","DE3","Berlin","DE30","Berlin","DE300","Berlin","Rural","2011","PM2.5","WHO_2021_AQG_Scen_Base","8217","97","16.8","17.3","7","6","8","85","65","95"
"Germany","DE3","Berlin","DE30","Berlin","DE300","Berlin","All Areas (incl.unclassified)","2011","PM2.5","WHO_2021_AQG_Scen_Sensitivity_2","3272742","801","19.0","19.5","4625","3565","5135","52365","40360","58126"
"Germany","DE3","Berlin","DE30","Berlin","DE300","Berlin","Urban","2011","PM2.5","WHO_2021_AQG_Scen_Sensitivity_2","3141353","594","19.4","19.5","4443","3424","4932","50299","38768","55832"
"Germany","DE3","Berlin","DE30","Berlin","DE300","Berlin","Suburban","2011","PM2.5","WHO_2021_AQG_Scen_Sensitivity_2","123172","110","19.1","19.3","172","133","191","1949","1502","2164"
"Germany","DE3","Berlin","DE30","Berlin","DE300","Berlin","Rural","2011","PM2.5","WHO_2021_AQG_Scen_Sensitivity_2","8217","97","16.8","17.3","10","8","12","117","90","130"
"Germany","DE3","Berlin","DE30","Berlin","DE300","Berlin","All Areas (incl.unclassified)","2012","O3","WHO_2005_HRAPIE_Scen_Base","3277062","801","3403.9","3342.0","90","44","133","1033","499","1530"
"Germany","DE3","Berlin","DE30","Berlin","DE300","Berlin","All Areas (incl.unclassified)","2012","PM10","WHO_2005_HRAPIE_Scen_Base","3277062","801","19.9","20.4","0","0","0","0","0","0"
"Germany","DE3","Berlin","DE30","Berlin","DE300","Berlin","All Areas (incl.unclassified)","2012","PM2.5","WHO_2005_HRAPIE_Scen_Base","3277062","801","15.2","15.5","3019","2001","3943","33393","22125","43608"
"Germany","DE3","Berlin","DE30","Berlin","DE300","Berlin","Urban","2012","O3","WHO_2005_HRAPIE_Scen_Base","3145500","594","3367.7","3341.4","87","42","128","991","479","1468"
"Germany","DE3","Berlin","DE30","Berlin","DE300","Berlin","Urban","2012","PM10","WHO_2005_HRAPIE_Scen_Base","3145500","594","20.2","20.4","0","0","0","0","0","0"
"Germany","DE3","Berlin","DE30","Berlin","DE300","Berlin","Urban","2012","PM2.5","WHO_2005_HRAPIE_Scen_Base","3145500","594","15.4","15.5","2901","1922","3789","32087","21260","41902"
"Germany","DE3","Berlin","DE30","Berlin","DE300","Berlin","Suburban","2012","O3","WHO_2005_HRAPIE_Scen_Base","123334","110","3382.7","3342.9","3","2","5","39","19","58"
"Germany","DE3","Berlin","DE30","Berlin","DE300","Berlin","Suburban","2012","PM10","WHO_2005_HRAPIE_Scen_Base","123334","110","19.9","20.0","0","0","0","0","0","0"
"Germany","DE3","Berlin","DE30","Berlin","DE300","Berlin","Suburban","2012","PM2.5","WHO_2005_HRAPIE_Scen_Base","123334","110","15.1","15.1","111","74","145","1228","814","1605"
"Germany","DE3","Berlin","DE30","Berlin","DE300","Berlin","Rural","2012","O3","WHO_2005_HRAPIE_Scen_Base","8228","97","3649.2","3571.2","0","0","0","3","1","4"
"Germany","DE3","Berlin","DE30","Berlin","DE300","Berlin","Rural","2012","PM10","WHO_2005_HRAPIE_Scen_Base","8228","97","18.0","18.4","0","0","0","0","0","0"
"Germany","DE3","Berlin","DE30","Berlin","DE300","Berlin","Rural","2012","PM2.5","WHO_2005_HRAPIE_Scen_Base","8228","97","14.1","14.3","7","5","9","78","51","101"
"Germany","DE3","Berlin","DE30","Berlin","DE300","Berlin","All Areas (incl.unclassified)","2012","O3","WHO_2021_AQG_Scen_Base","3277062","801","3403.9","3342.0","133","106","161","1529","1210","1848"
"Germany","DE3","Berlin","DE30","Berlin","DE300","Berlin","All Areas (incl.unclassified)","2012","PM10","WHO_2021_AQG_Scen_Base","3277062","801","19.9","20.4","0","0","0","0","0","0"
"Germany","DE3","Berlin","DE30","Berlin","DE300","Berlin","All Areas (incl.unclassified)","2012","PM2.5","WHO_2021_AQG_Scen_Base","3277062","801","15.2","15.5","2634","2013","2935","29124","22267","32458"
"Germany","DE3","Berlin","DE30","Berlin","DE300","Berlin","Urban","2012","O3","WHO_2021_AQG_Scen_Base","3145500","594","3367.7","3341.4","128","102","155","1467","1161","1773"
"Germany","DE3","Berlin","DE30","Berlin","DE300","Berlin","Urban","2012","PM10","WHO_2021_AQG_Scen_Base","3145500","594","20.2","20.4","0","0","0","0","0","0"
"Germany","DE3","Berlin","DE30","Berlin","DE300","Berlin","Urban","2012","PM2.5","WHO_2021_AQG_Scen_Base","3145500","594","15.4","15.5","2532","1936","2821","28000","21407","31204"
"Germany","DE3","Berlin","DE30","Berlin","DE300","Berlin","Suburban","2012","O3","WHO_2021_AQG_Scen_Base","123334","110","3382.7","3342.9","5","4","6","58","46","70"
"Germany","DE3","Berlin","DE30","Berlin","DE300","Berlin","Suburban","2012","PM10","WHO_2021_AQG_Scen_Base","123334","110","19.9","20.0","0","0","0","0","0","0"
"Germany","DE3","Berlin","DE30","Berlin","DE300","Berlin","Suburban","2012","PM2.5","WHO_2021_AQG_Scen_Base","123334","110","15.1","15.1","96","73","107","1059","810","1181"
"Germany","DE3","Berlin","DE30","Berlin","DE300","Berlin","Rural","2012","O3","WHO_2021_AQG_Scen_Base","8228","97","3649.2","3571.2","0","0","0","4","3","5"
"Germany","DE3","Berlin","DE30","Berlin","DE300","Berlin","Rural","2012","PM10","WHO_2021_AQG_Scen_Base","8228","97","18.0","18.4","0","0","0","0","0","0"
"Germany","DE3","Berlin","DE30","Berlin","DE300","Berlin","Rural","2012","PM2.5","WHO_2021_AQG_Scen_Base","8228","97","14.1","14.3","6","4","7","65","50","73"
"Germany","DE3","Berlin","DE30","Berlin","DE300","Berlin","All Areas (incl.unclassified)","2012","PM2.5","WHO_2021_AQG_Scen_Sensitivity_2","3277062","801","15.2","15.5","3814","2929","4241","42180","32394","46902"
"Germany","DE3","Berlin","DE30","Berlin","DE300","Berlin","Urban","2012","PM2.5","WHO_2021_AQG_Scen_Sensitivity_2","3145500","594","15.4","15.5","3665","2814","4075","40530","31127","45067"
"Germany","DE3","Berlin","DE30","Berlin","DE300","Berlin","Suburban","2012","PM2.5","WHO_2021_AQG_Scen_Sensitivity_2","123334","110","15.1","15.1","140","108","156","1552","1192","1726"
"Germany","DE3","Berlin","DE30","Berlin","DE300","Berlin","Rural","2012","PM2.5","WHO_2021_AQG_Scen_Sensitivity_2","8228","97","14.1","14.3","9","7","10","98","75","109"
"Germany","DE3","Berlin","DE30","Berlin","DE300","Berlin","All Areas (incl.unclassified)","2013","NO2","WHO_2005_HRAPIE_Scen_Base","3285050","801","21.6","25.6","1073","617","1529","11658","6706","16609"
"Germany","DE3","Berlin","DE30","Berlin","DE300","Berlin","All Areas (incl.unclassified)","2013","O3","WHO_2005_HRAPIE_Scen_Base","3285050","801","3758.2","3716.9","103","50","153","1159","560","1717"
"Germany","DE3","Berlin","DE30","Berlin","DE300","Berlin","All Areas (incl.unclassified)","2013","PM10","WHO_2005_HRAPIE_Scen_Base","3285050","801","20.1","20.5","0","0","0","0","0","0"
"Germany","DE3","Berlin","DE30","Berlin","DE300","Berlin","All Areas (incl.unclassified)","2013","PM2.5","WHO_2005_HRAPIE_Scen_Base","3285050","801","14.8","14.9","2987","1978","3903","32432","21473","42376"
"Germany","DE3","Berlin","DE30","Berlin","DE300","Berlin","Urban","2013","NO2","WHO_2005_HRAPIE_Scen_Base","3153167","594","24.1","26.0","1071","616","1526","11633","6692","16573"
"Germany","DE3","Berlin","DE30","Berlin","DE300","Berlin","Urban","2013","O3","WHO_2005_HRAPIE_Scen_Base","3153167","594","3732.5","3717.2","99","48","147","1113","538","1648"
"Germany","DE3","Berlin","DE30","Berlin","DE300","Berlin","Urban","2013","PM10","WHO_2005_HRAPIE_Scen_Base","3153167","594","20.4","20.5","0","0","0","0","0","0"
"Germany","DE3","Berlin","DE30","Berlin","DE300","Berlin","Urban","2013","PM2.5","WHO_2005_HRAPIE_Scen_Base","3153167","594","14.9","14.9","2870","1900","3750","31160","20632","40714"
"Germany","DE3","Berlin","DE30","Berlin","DE300","Berlin","Suburban","2013","NO2","WHO_2005_HRAPIE_Scen_Base","123635","110","16.4","17.3","2","1","3","25","14","36"
"Germany","DE3","Berlin","DE30","Berlin","DE300","Berlin","Suburban","2013","O3","WHO_2005_HRAPIE_Scen_Base","123635","110","3729.4","3696.9","4","2","6","43","21","64"
"Germany","DE3","Berlin","DE30","Berlin","DE300","Berlin","Suburban","2013","PM10","WHO_2005_HRAPIE_Scen_Base","123635","110","20.0","20.1","0","0","0","0","0","0"
"Germany","DE3","Berlin","DE30","Berlin","DE300","Berlin","Suburban","2013","PM2.5","WHO_2005_HRAPIE_Scen_Base","123635","110","14.6","14.6","110","73","144","1194","790","1561"
"Germany","DE3","Berlin","DE30","Berlin","DE300","Berlin","Rural","2013","NO2","WHO_2005_HRAPIE_Scen_Base","8248","97","12.3","13.3","0","0","0","0","0","0"
"Germany","DE3","Berlin","DE30","Berlin","DE300","Berlin","Rural","2013","O3","WHO_2005_HRAPIE_Scen_Base","8248","97","3948.0","3887.9","0","0","0","3","1","5"
"Germany","DE3","Berlin","DE30","Berlin","DE300","Berlin","Rural","2013","PM10","WHO_2005_HRAPIE_Scen_Base","8248","97","18.4","18.7","0","0","0","0","0","0"
"Germany","DE3","Berlin","DE30","Berlin","DE300","Berlin","Rural","2013","PM2.5","WHO_2005_HRAPIE_Scen_Base","8248","97","14.1","14.2","7","5","9","78","51","101"
"Germany","DE3","Berlin","DE30","Berlin","DE300","Berlin","All Areas (incl.unclassified)","2013","NO2","WHO_2021_AQG_Scen_Base","3285050","801","21.6","25.6","1064","539","2073","11547","5849","22508"
"Germany","DE3","Berlin","DE30","Berlin","DE300","Berlin","All Areas (incl.unclassified)","2013","O3","WHO_2021_AQG_Scen_Base","3285050","801","3758.2","3716.9","153","121","184","1717","1359","2074"
"Germany","DE3","Berlin","DE30","Berlin","DE300","Berlin","All Areas (incl.unclassified)","2013","PM10","WHO_2021_AQG_Scen_Base","3285050","801","20.1","20.5","0","0","0","0","0","0"
"Germany","DE3","Berlin","DE30","Berlin","DE300","Berlin","All Areas (incl.unclassified)","2013","PM2.5","WHO_2021_AQG_Scen_Base","3285050","801","14.8","14.9","2556","1953","2850","27751","21203","30934"
"Germany","DE3","Berlin","DE30","Berlin","DE300","Berlin","Urban","2013","NO2","WHO_2021_AQG_Scen_Base","3153167","594","24.1","26.0","1044","529","2035","11336","5743","22094"
"Germany","DE3","Berlin","DE30","Berlin","DE300","Berlin","Urban","2013","O3","WHO_2021_AQG_Scen_Base","3153167","594","3732.5","3717.2","147","116","177","1648","1304","1991"
"Germany","DE3","Berlin","DE30","Berlin","DE300","Berlin","Urban","2013","PM10","WHO_2021_AQG_Scen_Base","3153167","594","20.4","20.5","0","0","0","0","0","0"
"Germany","DE3","Berlin","DE30","Berlin","DE300","Berlin","Urban","2013","PM2.5","WHO_2021_AQG_Scen_Base","3153167","594","14.9","14.9","2457","1877","2739","26676","20383","29736"
"Germany","DE3","Berlin","DE30","Berlin","DE300","Berlin","Suburban","2013","NO2","WHO_2021_AQG_Scen_Base","123635","110","16.4","17.3","19","10","37","205","103","402"
"Germany","DE3","Berlin","DE30","Berlin","DE300","Berlin","Suburban","2013","O3","WHO_2021_AQG_Scen_Base","123635","110","3729.4","3696.9","6","5","7","64","51","78"
"Germany","DE3","Berlin","DE30","Berlin","DE300","Berlin","Suburban","2013","PM10","WHO_2021_AQG_Scen_Base","123635","110","20.0","20.1","0","0","0","0","0","0"
"Germany","DE3","Berlin","DE30","Berlin","DE300","Berlin","Suburban","2013","PM2.5","WHO_2021_AQG_Scen_Base","123635","110","14.6","14.6","93","71","104","1010","771","1126"
"Germany","DE3","Berlin","DE30","Berlin","DE300","Berlin","Rural","2013","NO2","WHO_2021_AQG_Scen_Base","8248","97","12.3","13.3","1","0","1","6","3","12"
"Germany","DE3","Berlin","DE30","Berlin","DE300","Berlin","Rural","2013","O3","WHO_2021_AQG_Scen_Base","8248","97","3948.0","3887.9","0","0","0","5","4","5"
"Germany","DE3","Berlin","DE30","Berlin","DE300","Berlin","Rural","2013","PM10","WHO_2021_AQG_Scen_Base","8248","97","18.4","18.7","0","0","0","0","0","0"
"Germany","DE3","Berlin","DE30","Berlin","DE300","Berlin","Rural","2013","PM2.5","WHO_2021_AQG_Scen_Base","8248","97","14.1","14.2","6","5","7","65","49","72"
"Germany","DE3","Berlin","DE30","Berlin","DE300","Berlin","All Areas (incl.unclassified)","2013","NO2","WHO_2021_AQG_Scen_Sensitivity_2","3285050","801","21.6","25.6","1725","878","3333","18740","9536","36194"
"Germany","DE3","Berlin","DE30","Berlin","DE300","Berlin","All Areas (incl.unclassified)","2013","PM2.5","WHO_2021_AQG_Scen_Sensitivity_2","3285050","801","14.8","14.9","3775","2898","4199","40985","31458","45586"
"Germany","DE3","Berlin","DE30","Berlin","DE300","Berlin","Urban","2013","NO2","WHO_2021_AQG_Scen_Sensitivity_2","3153167","594","24.1","26.0","1679","855","3243","18235","9281","35212"
"Germany","DE3","Berlin","DE30","Berlin","DE300","Berlin","Urban","2013","PM2.5","WHO_2021_AQG_Scen_Sensitivity_2","3153167","594","14.9","14.9","3627","2784","4034","39378","30225","43798"
"Germany","DE3","Berlin","DE30","Berlin","DE300","Berlin","Suburban","2013","NO2","WHO_2021_AQG_Scen_Sensitivity_2","123635","110","16.4","17.3","44","22","86","480","243","934"
"Germany","DE3","Berlin","DE30","Berlin","DE300","Berlin","Suburban","2013","PM2.5","WHO_2021_AQG_Scen_Sensitivity_2","123635","110","14.6","14.6","139","107","155","1509","1158","1679"
"Germany","DE3","Berlin","DE30","Berlin","DE300","Berlin","Rural","2013","NO2","WHO_2021_AQG_Scen_Sensitivity_2","8248","97","12.3","13.3","2","1","4","25","12","48"
"Germany","DE3","Berlin","DE30","Berlin","DE300","Berlin","Rural","2013","PM2.5","WHO_2021_AQG_Scen_Sensitivity_2","8248","97","14.1","14.2","9","7","10","98","75","109"
"Germany","DE3","Berlin","DE30","Berlin","DE300","Berlin","All Areas (incl.unclassified)","2014","NO2","WHO_2005_HRAPIE_Scen_Base","3294992","801","20.8","25.4","1007","580","1433","11269","6488","16041"
"Germany","DE3","Berlin","DE30","Berlin","DE300","Berlin","All Areas (incl.unclassified)","2014","O3","WHO_2005_HRAPIE_Scen_Base","3294992","801","3562.8","3528.3","95","46","140","1099","531","1627"
"Germany","DE3","Berlin","DE30","Berlin","DE300","Berlin","All Areas (incl.unclassified)","2014","PM10","WHO_2005_HRAPIE_Scen_Base","3294992","801","23.0","23.5","0","0","0","0","0","0"
"Germany","DE3","Berlin","DE30","Berlin","DE300","Berlin","All Areas (incl.unclassified)","2014","PM2.5","WHO_2005_HRAPIE_Scen_Base","3294992","801","17.4","17.9","3443","2286","4486","38522","25584","50194"
"Germany","DE3","Berlin","DE30","Berlin","DE300","Berlin","Urban","2014","NO2","WHO_2005_HRAPIE_Scen_Base","3162710","594","23.2","25.8","1006","579","1432","11258","6482","16025"
"Germany","DE3","Berlin","DE30","Berlin","DE300","Berlin","Urban","2014","O3","WHO_2005_HRAPIE_Scen_Base","3162710","594","3543.0","3529.4","91","44","135","1055","510","1562"
"Germany","DE3","Berlin","DE30","Berlin","DE300","Berlin","Urban","2014","PM10","WHO_2005_HRAPIE_Scen_Base","3162710","594","23.3","23.5","0","0","0","0","0","0"
"Germany","DE3","Berlin","DE30","Berlin","DE300","Berlin","Urban","2014","PM2.5","WHO_2005_HRAPIE_Scen_Base","3162710","594","17.7","17.9","3308","2197","4311","37014","24583","48228"
"Germany","DE3","Berlin","DE30","Berlin","DE300","Berlin","Suburban","2014","NO2","WHO_2005_HRAPIE_Scen_Base","124009","110","15.6","16.4","1","1","1","11","6","16"
"Germany","DE3","Berlin","DE30","Berlin","DE300","Berlin","Suburban","2014","O3","WHO_2005_HRAPIE_Scen_Base","124009","110","3522.8","3489.6","4","2","5","41","20","61"
"Germany","DE3","Berlin","DE30","Berlin","DE300","Berlin","Suburban","2014","PM10","WHO_2005_HRAPIE_Scen_Base","124009","110","22.9","23.2","0","0","0","0","0","0"
"Germany","DE3","Berlin","DE30","Berlin","DE300","Berlin","Suburban","2014","PM2.5","WHO_2005_HRAPIE_Scen_Base","124009","110","17.3","17.5","127","84","165","1421","943","1852"
"Germany","DE3","Berlin","DE30","Berlin","DE300","Berlin","Rural","2014","NO2","WHO_2005_HRAPIE_Scen_Base","8273","97","12.3","13.0","0","0","0","0","0","0"
"Germany","DE3","Berlin","DE30","Berlin","DE300","Berlin","Rural","2014","O3","WHO_2005_HRAPIE_Scen_Base","8273","97","3729.7","3669.9","0","0","0","3","1","4"
"Germany","DE3","Berlin","DE30","Berlin","DE300","Berlin","Rural","2014","PM10","WHO_2005_HRAPIE_Scen_Base","8273","97","20.9","21.3","0","0","0","0","0","0"
"Germany","DE3","Berlin","DE30","Berlin","DE300","Berlin","Rural","2014","PM2.5","WHO_2005_HRAPIE_Scen_Base","8273","97","15.6","16.0","8","5","10","87","58","114"
"Germany","DE3","Berlin","DE30","Berlin","DE300","Berlin","All Areas (incl.unclassified)","2014","NO2","WHO_2021_AQG_Scen_Base","3294992","801","20.8","25.4","1014","513","1975","11337","5743","22094"
"Germany","DE3","Berlin","DE30","Berlin","DE300","Berlin","All Areas (incl.unclassified)","2014","O3","WHO_2021_AQG_Scen_Base","3294992","801","3562.8","3528.3","140","111","169","1627","1287","1966"
"Germany","DE3","Berlin","DE30","Berlin","DE300","Berlin","All Areas (incl.unclassified)","2014","PM10","WHO_2021_AQG_Scen_Base","3294992","801","23.0","23.5","0","0","0","0","0","0"
"Germany","DE3","Berlin","DE30","Berlin","DE300","Berlin","All Areas (incl.unclassified)","2014","PM2.5","WHO_2021_AQG_Scen_Base","3294992","801","17.4","17.9","3186","2440","3547","35637","27303","39673"
"Germany","DE3","Berlin","DE30","Berlin","DE300","Berlin","Urban","2014","NO2","WHO_2021_AQG_Scen_Base","3162710","594","23.2","25.8","997","505","1942","11151","5649","21730"
"Germany","DE3","Berlin","DE30","Berlin","DE300","Berlin","Urban","2014","O3","WHO_2021_AQG_Scen_Base","3162710","594","3543.0","3529.4","135","107","163","1562","1236","1888"
"Germany","DE3","Berlin","DE30","Berlin","DE300","Berlin","Urban","2014","PM10","WHO_2021_AQG_Scen_Base","3162710","594","23.3","23.5","0","0","0","0","0","0"
"Germany","DE3","Berlin","DE30","Berlin","DE300","Berlin","Urban","2014","PM2.5","WHO_2021_AQG_Scen_Base","3162710","594","17.7","17.9","3062","2346","3409","34256","26246","38136"
"Germany","DE3","Berlin","DE30","Berlin","DE300","Berlin","Suburban","2014","NO2","WHO_2021_AQG_Scen_Base","124009","110","15.6","16.4","16","8","32","180","91","353"
"Germany","DE3","Berlin","DE30","Berlin","DE300","Berlin","Suburban","2014","O3","WHO_2021_AQG_Scen_Base","124009","110","3522.8","3489.6","5","4","6","61","48","73"
"Germany","DE3","Berlin","DE30","Berlin","DE300","Berlin","Suburban","2014","PM10","WHO_2021_AQG_Scen_Base","124009","110","22.9","23.2","0","0","0","0","0","0"
"Germany","DE3","Berlin","DE30","Berlin","DE300","Berlin","Suburban","2014","PM2.5","WHO_2021_AQG_Scen_Base","124009","110","17.3","17.5","117","89","130","1304","998","1451"
"Germany","DE3","Berlin","DE30","Berlin","DE300","Berlin","Rural","2014","NO2","WHO_2021_AQG_Scen_Base","8273","97","12.3","13.0","1","0","1","6","3","11"
"Germany","DE3","Berlin","DE30","Berlin","DE300","Berlin","Rural","2014","O3","WHO_2021_AQG_Scen_Base","8273","97","3729.7","3669.9","0","0","0","4","3","5"
"Germany","DE3","Berlin","DE30","Berlin","DE300","Berlin","Rural","2014","PM10","WHO_2021_AQG_Scen_Base","8273","97","20.9","21.3","0","0","0","0","0","0"
"Germany","DE3","Berlin","DE30","Berlin","DE300","Berlin","Rural","2014","PM2.5","WHO_2021_AQG_Scen_Base","8273","97","15.6","16.0","7","5","8","77","59","86"
"Germany","DE3","Berlin","DE30","Berlin","DE300","Berlin","All Areas (incl.unclassified)","2014","NO2","WHO_2021_AQG_Scen_Sensitivity_2","3294992","801","20.8","25.4","1656","843","3198","18527","9429","35786"
"Germany","DE3","Berlin","DE30","Berlin","DE300","Berlin","All Areas (incl.unclassified)","2014","PM2.5","WHO_2021_AQG_Scen_Sensitivity_2","3294992","801","17.4","17.9","4341","3341","4822","48564","37376","53945"
"Germany","DE3","Berlin","DE30","Berlin","DE300","Berlin","Urban","2014","NO2","WHO_2021_AQG_Scen_Sensitivity_2","3162710","594","23.2","25.8","1613","821","3115","18048","9186","34852"
"Germany","DE3","Berlin","DE30","Berlin","DE300","Berlin","Urban","2014","PM2.5","WHO_2021_AQG_Scen_Sensitivity_2","3162710","594","17.7","17.9","4171","3210","4633","46663","35913","51833"
"Germany","DE3","Berlin","DE30","Berlin","DE300","Berlin","Suburban","2014","NO2","WHO_2021_AQG_Scen_Sensitivity_2","124009","110","15.6","16.4","41","21","79","455","231","887"
"Germany","DE3","Berlin","DE30","Berlin","DE300","Berlin","Suburban","2014","PM2.5","WHO_2021_AQG_Scen_Sensitivity_2","124009","110","17.3","17.5","160","123","178","1791","1378","1990"
"Germany","DE3","Berlin","DE30","Berlin","DE300","Berlin","Rural","2014","NO2","WHO_2021_AQG_Scen_Sensitivity_2","8273","97","12.3","13.0","2","1","4","24","12","47"
"Germany","DE3","Berlin","DE30","Berlin","DE300","Berlin","Rural","2014","PM2.5","WHO_2021_AQG_Scen_Sensitivity_2","8273","97","15.6","16.0","10","8","11","110","85","122"
"Germany","DE3","Berlin","DE30","Berlin","DE300","Berlin","All Areas (incl.unclassified)","2015","NO2","WHO_2005_HRAPIE_Scen_Base","3312539","801","22.1","25.9","1142","657","1627","12143","6984","17303"
"Germany","DE3","Berlin","DE30","Berlin","DE300","Berlin","All Areas (incl.unclassified)","2015","O3","WHO_2005_HRAPIE_Scen_Base","3312539","801","4026.3","3894.7","111","54","166","1232","596","1824"
"Germany","DE3","Berlin","DE30","Berlin","DE300","Berlin","All Areas (incl.unclassified)","2015","PM10","WHO_2005_HRAPIE_Scen_Base","3312539","801","20.6","21.3","0","0","0","0","0","0"
"Germany","DE3","Berlin","DE30","Berlin","DE300","Berlin","All Areas (incl.unclassified)","2015","PM2.5","WHO_2005_HRAPIE_Scen_Base","3312539","801","14.5","15.1","3117","2063","4072","33154","21955","43314"
"Germany","DE3","Berlin","DE30","Berlin","DE300","Berlin","Urban","2015","NO2","WHO_2005_HRAPIE_Scen_Base","3179553","594","24.5","26.2","1139","655","1622","12109","6965","17255"
"Germany","DE3","Berlin","DE30","Berlin","DE300","Berlin","Urban","2015","O3","WHO_2005_HRAPIE_Scen_Base","3179553","594","3931.6","3886.3","107","52","159","1180","571","1747"
"Germany","DE3","Berlin","DE30","Berlin","DE300","Berlin","Urban","2015","PM10","WHO_2005_HRAPIE_Scen_Base","3179553","594","21.1","21.3","0","0","0","0","0","0"
"Germany","DE3","Berlin","DE30","Berlin","DE300","Berlin","Urban","2015","PM2.5","WHO_2005_HRAPIE_Scen_Base","3179553","594","14.9","15.1","2999","1986","3918","31901","21127","41676"
"Germany","DE3","Berlin","DE30","Berlin","DE300","Berlin","Suburban","2015","NO2","WHO_2005_HRAPIE_Scen_Base","124669","110","17.1","18.1","3","2","5","34","19","48"
"Germany","DE3","Berlin","DE30","Berlin","DE300","Berlin","Suburban","2015","O3","WHO_2005_HRAPIE_Scen_Base","124669","110","4115.5","4074.8","4","2","7","49","23","72"
"Germany","DE3","Berlin","DE30","Berlin","DE300","Berlin","Suburban","2015","PM10","WHO_2005_HRAPIE_Scen_Base","124669","110","20.1","20.3","0","0","0","0","0","0"
"Germany","DE3","Berlin","DE30","Berlin","DE300","Berlin","Suburban","2015","PM2.5","WHO_2005_HRAPIE_Scen_Base","124669","110","14.1","14.2","111","73","145","1181","781","1544"
"Germany","DE3","Berlin","DE30","Berlin","DE300","Berlin","Rural","2015","NO2","WHO_2005_HRAPIE_Scen_Base","8317","97","13.0","14.0","0","0","0","0","0","0"
"Germany","DE3","Berlin","DE30","Berlin","DE300","Berlin","Rural","2015","O3","WHO_2005_HRAPIE_Scen_Base","8317","97","4505.2","4397.9","0","0","0","3","2","5"
"Germany","DE3","Berlin","DE30","Berlin","DE300","Berlin","Rural","2015","PM10","WHO_2005_HRAPIE_Scen_Base","8317","97","17.9","18.7","0","0","0","0","0","0"
"Germany","DE3","Berlin","DE30","Berlin","DE300","Berlin","Rural","2015","PM2.5","WHO_2005_HRAPIE_Scen_Base","8317","97","12.3","12.9","7","4","9","72","47","94"
"Germany","DE3","Berlin","DE30","Berlin","DE300","Berlin","All Areas (incl.unclassified)","2015","NO2","WHO_2021_AQG_Scen_Base","3312539","801","22.1","25.9","1116","565","2173","11863","6010","23123"
"Germany","DE3","Berlin","DE30","Berlin","DE300","Berlin","All Areas (incl.unclassified)","2015","O3","WHO_2021_AQG_Scen_Base","3312539","801","4026.3","3894.7","166","131","201","1824","1444","2204"
"Germany","DE3","Berlin","DE30","Berlin","DE300","Berlin","All Areas (incl.unclassified)","2015","PM10","WHO_2021_AQG_Scen_Base","3312539","801","20.6","21.3","0","0","0","0","0","0"
"Germany","DE3","Berlin","DE30","Berlin","DE300","Berlin","All Areas (incl.unclassified)","2015","PM2.5","WHO_2021_AQG_Scen_Base","3312539","801","14.5","15.1","2680","2048","2987","28508","21786","31776"
"Germany","DE3","Berlin","DE30","Berlin","DE300","Berlin","Urban","2015","NO2","WHO_2021_AQG_Scen_Base","3179553","594","24.5","26.2","1093","554","2130","11626","5890","22658"
"Germany","DE3","Berlin","DE30","Berlin","DE300","Berlin","Urban","2015","O3","WHO_2021_AQG_Scen_Base","3179553","594","3931.6","3886.3","159","126","192","1747","1383","2111"
"Germany","DE3","Berlin","DE30","Berlin","DE300","Berlin","Urban","2015","PM10","WHO_2021_AQG_Scen_Base","3179553","594","21.1","21.3","0","0","0","0","0","0"
"Germany","DE3","Berlin","DE30","Berlin","DE300","Berlin","Urban","2015","PM2.5","WHO_2021_AQG_Scen_Base","3179553","594","14.9","15.1","2582","1973","2878","27465","20990","30613"
"Germany","DE3","Berlin","DE30","Berlin","DE300","Berlin","Suburban","2015","NO2","WHO_2021_AQG_Scen_Base","124669","110","17.1","18.1","22","11","42","229","116","450"
"Germany","DE3","Berlin","DE30","Berlin","DE300","Berlin","Suburban","2015","O3","WHO_2021_AQG_Scen_Base","124669","110","4115.5","4074.8","7","5","8","72","57","87"
"Germany","DE3","Berlin","DE30","Berlin","DE300","Berlin","Suburban","2015","PM10","WHO_2021_AQG_Scen_Base","124669","110","20.1","20.3","0","0","0","0","0","0"
"Germany","DE3","Berlin","DE30","Berlin","DE300","Berlin","Suburban","2015","PM2.5","WHO_2021_AQG_Scen_Base","124669","110","14.1","14.2","93","71","103","986","753","1100"
"Germany","DE3","Berlin","DE30","Berlin","DE300","Berlin","Rural","2015","NO2","WHO_2021_AQG_Scen_Base","8317","97","13.0","14.0","1","0","1","8","4","15"
"Germany","DE3","Berlin","DE30","Berlin","DE300","Berlin","Rural","2015","O3","WHO_2021_AQG_Scen_Base","8317","97","4505.2","4397.9","0","0","1","5","4","6"
"Germany","DE3","Berlin","DE30","Berlin","DE300","Berlin","Rural","2015","PM10","WHO_2021_AQG_Scen_Base","8317","97","17.9","18.7","0","0","0","0","0","0"
"Germany","DE3","Berlin","DE30","Berlin","DE300","Berlin","Rural","2015","PM2.5","WHO_2021_AQG_Scen_Base","8317","97","12.3","12.9","5","4","6","57","43","63"
"Germany","DE3","Berlin","DE30","Berlin","DE300","Berlin","All Areas (incl.unclassified)","2015","NO2","WHO_2021_AQG_Scen_Sensitivity_2","3312539","801","22.1","25.9","1800","916","3476","19141","9742","36966"
"Germany","DE3","Berlin","DE30","Berlin","DE300","Berlin","All Areas (incl.unclassified)","2015","PM2.5","WHO_2021_AQG_Scen_Sensitivity_2","3312539","801","14.5","15.1","3939","3024","4380","41892","32160","46591"
"Germany","DE3","Berlin","DE30","Berlin","DE300","Berlin","Urban","2015","NO2","WHO_2021_AQG_Scen_Sensitivity_2","3179553","594","24.5","26.2","1750","891","3378","18608","9472","35928"
"Germany","DE3","Berlin","DE30","Berlin","DE300","Berlin","Urban","2015","PM2.5","WHO_2021_AQG_Scen_Sensitivity_2","3179553","594","14.9","15.1","3790","2909","4215","40308","30945","44829"
"Germany","DE3","Berlin","DE30","Berlin","DE300","Berlin","Suburban","2015","NO2","WHO_2021_AQG_Scen_Sensitivity_2","124669","110","17.1","18.1","48","24","93","507","257","987"
"Germany","DE3","Berlin","DE30","Berlin","DE300","Berlin","Suburban","2015","PM2.5","WHO_2021_AQG_Scen_Sensitivity_2","124669","110","14.1","14.2","140","108","156","1493","1145","1661"
"Germany","DE3","Berlin","DE30","Berlin","DE300","Berlin","Rural","2015","NO2","WHO_2021_AQG_Scen_Sensitivity_2","8317","97","13.0","14.0","2","1","5","26","13","51"
"Germany","DE3","Berlin","DE30","Berlin","DE300","Berlin","Rural","2015","PM2.5","WHO_2021_AQG_Scen_Sensitivity_2","8317","97","12.3","12.9","9","7","9","91","70","101"
"Germany","DE3","Berlin","DE30","Berlin","DE300","Berlin","All Areas (incl.unclassified)","2016","NO2","WHO_2005_HRAPIE_Scen_Base","3352442","801","21.0","25.2","997","573","1421","10914","6277","15554"
"Germany","DE3","Berlin","DE30","Berlin","DE300","Berlin","All Areas (incl.unclassified)","2016","O3","WHO_2005_HRAPIE_Scen_Base","3352442","801","3483.6","3370.6","95","46","141","1080","521","1598"
"Germany","DE3","Berlin","DE30","Berlin","DE300","Berlin","All Areas (incl.unclassified)","2016","PM10","WHO_2005_HRAPIE_Scen_Base","3352442","801","20.6","21.5","0","0","0","0","0","0"
"Germany","DE3","Berlin","DE30","Berlin","DE300","Berlin","All Areas (incl.unclassified)","2016","PM2.5","WHO_2005_HRAPIE_Scen_Base","3352442","801","14.7","15.4","3114","2063","4067","34099","22589","44537"
"Germany","DE3","Berlin","DE30","Berlin","DE300","Berlin","Urban","2016","NO2","WHO_2005_HRAPIE_Scen_Base","3217854","594","23.2","25.5","995","572","1418","10894","6265","15525"
"Germany","DE3","Berlin","DE30","Berlin","DE300","Berlin","Urban","2016","O3","WHO_2005_HRAPIE_Scen_Base","3217854","594","3404.8","3360.0","91","44","135","1033","499","1529"
"Germany","DE3","Berlin","DE30","Berlin","DE300","Berlin","Urban","2016","PM10","WHO_2005_HRAPIE_Scen_Base","3217854","594","21.3","21.6","0","0","0","0","0","0"
"Germany","DE3","Berlin","DE30","Berlin","DE300","Berlin","Urban","2016","PM2.5","WHO_2005_HRAPIE_Scen_Base","3217854","594","15.2","15.4","2998","1986","3916","32827","21747","42873"
"Germany","DE3","Berlin","DE30","Berlin","DE300","Berlin","Suburban","2016","NO2","WHO_2005_HRAPIE_Scen_Base","126171","110","16.9","18.0","2","1","3","20","12","29"
"Germany","DE3","Berlin","DE30","Berlin","DE300","Berlin","Suburban","2016","O3","WHO_2005_HRAPIE_Scen_Base","126171","110","3638.3","3616.7","4","2","6","44","21","65"
"Germany","DE3","Berlin","DE30","Berlin","DE300","Berlin","Suburban","2016","PM10","WHO_2005_HRAPIE_Scen_Base","126171","110","19.7","19.9","0","0","0","0","0","0"
"Germany","DE3","Berlin","DE30","Berlin","DE300","Berlin","Suburban","2016","PM2.5","WHO_2005_HRAPIE_Scen_Base","126171","110","14.2","14.3","110","73","143","1201","795","1571"
"Germany","DE3","Berlin","DE30","Berlin","DE300","Berlin","Rural","2016","NO2","WHO_2005_HRAPIE_Scen_Base","8417","97","12.3","13.4","0","0","0","0","0","0"
"Germany","DE3","Berlin","DE30","Berlin","DE300","Berlin","Rural","2016","O3","WHO_2005_HRAPIE_Scen_Base","8417","97","3790.1","3742.3","0","0","0","3","1","4"
"Germany","DE3","Berlin","DE30","Berlin","DE300","Berlin","Rural","2016","PM10","WHO_2005_HRAPIE_Scen_Base","8417","97","17.0","17.8","0","0","0","0","0","0"
"Germany","DE3","Berlin","DE30","Berlin","DE300","Berlin","Rural","2016","PM2.5","WHO_2005_HRAPIE_Scen_Base","8417","97","11.9","12.6","6","4","8","71","47","93"
"Germany","DE3","Berlin","DE30","Berlin","DE300","Berlin","All Areas (incl.unclassified)","2016","NO2","WHO_2021_AQG_Scen_Base","3352442","801","21.0","25.2","1048","531","2043","11473","5810","22373"
"Germany","DE3","Berlin","DE30","Berlin","DE300","Berlin","All Areas (incl.unclassified)","2016","O3","WHO_2021_AQG_Scen_Base","3352442","801","3483.6","3370.6","141","111","170","1598","1265","1931"
"Germany","DE3","Berlin","DE30","Berlin","DE300","Berlin","All Areas (incl.unclassified)","2016","PM10","WHO_2021_AQG_Scen_Base","3352442","801","20.6","21.5","0","0","0","0","0","0"
"Germany","DE3","Berlin","DE30","Berlin","DE300","Berlin","All Areas (incl.unclassified)","2016","PM2.5","WHO_2021_AQG_Scen_Base","3352442","801","14.7","15.4","2702","2066","3013","29586","22615","32973"
"Germany","DE3","Berlin","DE30","Berlin","DE300","Berlin","Urban","2016","NO2","WHO_2021_AQG_Scen_Base","3217854","594","23.2","25.5","1026","520","2001","11237","5691","21910"
"Germany","DE3","Berlin","DE30","Berlin","DE300","Berlin","Urban","2016","O3","WHO_2021_AQG_Scen_Base","3217854","594","3404.8","3360.0","135","107","163","1529","1210","1848"
"Germany","DE3","Berlin","DE30","Berlin","DE300","Berlin","Urban","2016","PM10","WHO_2021_AQG_Scen_Base","3217854","594","21.3","21.6","0","0","0","0","0","0"
"Germany","DE3","Berlin","DE30","Berlin","DE300","Berlin","Urban","2016","PM2.5","WHO_2021_AQG_Scen_Base","3217854","594","15.2","15.4","2605","1992","2904","28524","21804","31789"
"Germany","DE3","Berlin","DE30","Berlin","DE300","Berlin","Suburban","2016","NO2","WHO_2021_AQG_Scen_Base","126171","110","16.9","18.0","21","11","41","229","116","450"
"Germany","DE3","Berlin","DE30","Berlin","DE300","Berlin","Suburban","2016","O3","WHO_2021_AQG_Scen_Base","126171","110","3638.3","3616.7","6","4","7","65","51","78"
"Germany","DE3","Berlin","DE30","Berlin","DE300","Berlin","Suburban","2016","PM10","WHO_2021_AQG_Scen_Base","126171","110","19.7","19.9","0","0","0","0","0","0"
"Germany","DE3","Berlin","DE30","Berlin","DE300","Berlin","Suburban","2016","PM2.5","WHO_2021_AQG_Scen_Base","126171","110","14.2","14.3","92","70","103","1007","769","1123"
"Germany","DE3","Berlin","DE30","Berlin","DE300","Berlin","Rural","2016","NO2","WHO_2021_AQG_Scen_Base","8417","97","12.3","13.4","1","0","1","7","3","13"
"Germany","DE3","Berlin","DE30","Berlin","DE300","Berlin","Rural","2016","O3","WHO_2021_AQG_Scen_Base","8417","97","3790.1","3742.3","0","0","0","4","4","5"
"Germany","DE3","Berlin","DE30","Berlin","DE300","Berlin","Rural","2016","PM10","WHO_2021_AQG_Scen_Base","8417","97","17.0","17.8","0","0","0","0","0","0"
"Germany","DE3","Berlin","DE30","Berlin","DE300","Berlin","Rural","2016","PM2.5","WHO_2021_AQG_Scen_Base","8417","97","11.9","12.6","5","4","6","55","42","61"
"Germany","DE3","Berlin","DE30","Berlin","DE300","Berlin","All Areas (incl.unclassified)","2016","NO2","WHO_2021_AQG_Scen_Sensitivity_2","3352442","801","21.0","25.2","1721","876","3325","18835","9584","36396"
"Germany","DE3","Berlin","DE30","Berlin","DE300","Berlin","All Areas (incl.unclassified)","2016","PM2.5","WHO_2021_AQG_Scen_Sensitivity_2","3352442","801","14.7","15.4","3935","3021","4375","43077","33078","47903"
"Germany","DE3","Berlin","DE30","Berlin","DE300","Berlin","Urban","2016","NO2","WHO_2021_AQG_Scen_Sensitivity_2","3217854","594","23.2","25.5","1672","851","3229","18300","9312","35353"
"Germany","DE3","Berlin","DE30","Berlin","DE300","Berlin","Urban","2016","PM2.5","WHO_2021_AQG_Scen_Sensitivity_2","3217854","594","15.2","15.4","3788","2909","4212","41468","31844","46113"
"Germany","DE3","Berlin","DE30","Berlin","DE300","Berlin","Suburban","2016","NO2","WHO_2021_AQG_Scen_Sensitivity_2","126171","110","16.9","18.0","47","24","91","510","259","993"
"Germany","DE3","Berlin","DE30","Berlin","DE300","Berlin","Suburban","2016","PM2.5","WHO_2021_AQG_Scen_Sensitivity_2","126171","110","14.2","14.3","139","106","154","1519","1165","1690"
"Germany","DE3","Berlin","DE30","Berlin","DE300","Berlin","Rural","2016","NO2","WHO_2021_AQG_Scen_Sensitivity_2","8417","97","12.3","13.4","2","1","5","25","13","50"
"Germany","DE3","Berlin","DE30","Berlin","DE300","Berlin","Rural","2016","PM2.5","WHO_2021_AQG_Scen_Sensitivity_2","8417","97","11.9","12.6","8","6","9","90","69","100"
"Germany","DE3","Berlin","DE30","Berlin","DE300","Berlin","All Areas (incl.unclassified)","2017","NO2","WHO_2005_HRAPIE_Scen_Base","3366557","801","20.2","24.3","857","492","1223","9025","5185","12874"
"Germany","DE3","Berlin","DE30","Berlin","DE300","Berlin","All Areas (incl.unclassified)","2017","O3","WHO_2005_HRAPIE_Scen_Base","3366557","801","2445.9","2302.6","66","32","98","725","351","1073"
"Germany","DE3","Berlin","DE30","Berlin","DE300","Berlin","All Areas (incl.unclassified)","2017","PM10","WHO_2005_HRAPIE_Scen_Base","3366557","801","19.8","20.8","0","0","0","0","0","0"
"Germany","DE3","Berlin","DE30","Berlin","DE300","Berlin","All Areas (incl.unclassified)","2017","PM2.5","WHO_2005_HRAPIE_Scen_Base","3366557","801","14.5","15.2","3151","2086","4116","33169","21968","43329"
"Germany","DE3","Berlin","DE30","Berlin","DE300","Berlin","Urban","2017","NO2","WHO_2005_HRAPIE_Scen_Base","3231403","594","22.4","24.6","856","492","1222","9016","5180","12861"
"Germany","DE3","Berlin","DE30","Berlin","DE300","Berlin","Urban","2017","O3","WHO_2005_HRAPIE_Scen_Base","3231403","594","2347.2","2290.6","63","31","94","692","335","1025"
"Germany","DE3","Berlin","DE30","Berlin","DE300","Berlin","Urban","2017","PM10","WHO_2005_HRAPIE_Scen_Base","3231403","594","20.6","20.9","0","0","0","0","0","0"
"Germany","DE3","Berlin","DE30","Berlin","DE300","Berlin","Urban","2017","PM2.5","WHO_2005_HRAPIE_Scen_Base","3231403","594","15.0","15.2","3033","2009","3962","31931","21149","41710"
"Germany","DE3","Berlin","DE30","Berlin","DE300","Berlin","Suburban","2017","NO2","WHO_2005_HRAPIE_Scen_Base","126702","110","16.0","17.2","1","0","1","9","5","13"
"Germany","DE3","Berlin","DE30","Berlin","DE300","Berlin","Suburban","2017","O3","WHO_2005_HRAPIE_Scen_Base","126702","110","2642.5","2578.8","3","1","4","31","15","45"
"Germany","DE3","Berlin","DE30","Berlin","DE300","Berlin","Suburban","2017","PM10","WHO_2005_HRAPIE_Scen_Base","126702","110","18.9","19.1","0","0","0","0","0","0"
"Germany","DE3","Berlin","DE30","Berlin","DE300","Berlin","Suburban","2017","PM2.5","WHO_2005_HRAPIE_Scen_Base","126702","110","14.0","14.1","111","73","145","1169","773","1528"
"Germany","DE3","Berlin","DE30","Berlin","DE300","Berlin","Rural","2017","NO2","WHO_2005_HRAPIE_Scen_Base","8452","97","11.6","12.6","0","0","0","0","0","0"
"Germany","DE3","Berlin","DE30","Berlin","DE300","Berlin","Rural","2017","O3","WHO_2005_HRAPIE_Scen_Base","8452","97","2826.8","2759.3","0","0","0","2","1","3"
"Germany","DE3","Berlin","DE30","Berlin","DE300","Berlin","Rural","2017","PM10","WHO_2005_HRAPIE_Scen_Base","8452","97","16.2","17.0","0","0","0","0","0","0"
"Germany","DE3","Berlin","DE30","Berlin","DE300","Berlin","Rural","2017","PM2.5","WHO_2005_HRAPIE_Scen_Base","8452","97","11.8","12.5","7","4","9","69","46","91"
"Germany","DE3","Berlin","DE30","Berlin","DE300","Berlin","All Areas (incl.unclassified)","2017","NO2","WHO_2021_AQG_Scen_Base","3366557","801","20.2","24.3","1007","510","1967","10605","5368","20701"
"Germany","DE3","Berlin","DE30","Berlin","DE300","Berlin","All Areas (incl.unclassified)","2017","O3","WHO_2021_AQG_Scen_Base","3366557","801","2445.9","2302.6","98","77","119","1073","850","1298"
"Germany","DE3","Berlin","DE30","Berlin","DE300","Berlin","All Areas (incl.unclassified)","2017","PM10","WHO_2021_AQG_Scen_Base","3366557","801","19.8","20.8","0","0","0","0","0","0"
"Germany","DE3","Berlin","DE30","Berlin","DE300","Berlin","All Areas (incl.unclassified)","2017","PM2.5","WHO_2021_AQG_Scen_Base","3366557","801","14.5","15.2","2717","2078","3030","28615","21869","31894"
"Germany","DE3","Berlin","DE30","Berlin","DE300","Berlin","Urban","2017","NO2","WHO_2021_AQG_Scen_Base","3231403","594","22.4","24.6","988","500","1928","10399","5264","20295"
"Germany","DE3","Berlin","DE30","Berlin","DE300","Berlin","Urban","2017","O3","WHO_2021_AQG_Scen_Base","3231403","594","2347.2","2290.6","94","74","114","1025","811","1239"
"Germany","DE3","Berlin","DE30","Berlin","DE300","Berlin","Urban","2017","PM10","WHO_2021_AQG_Scen_Base","3231403","594","20.6","20.9","0","0","0","0","0","0"
"Germany","DE3","Berlin","DE30","Berlin","DE300","Berlin","Urban","2017","PM2.5","WHO_2021_AQG_Scen_Base","3231403","594","15.0","15.2","2620","2003","2921","27587","21085","30748"
"Germany","DE3","Berlin","DE30","Berlin","DE300","Berlin","Suburban","2017","NO2","WHO_2021_AQG_Scen_Base","126702","110","16.0","17.2","19","10","38","201","102","396"
"Germany","DE3","Berlin","DE30","Berlin","DE300","Berlin","Suburban","2017","O3","WHO_2021_AQG_Scen_Base","126702","110","2642.5","2578.8","4","3","5","45","36","55"
"Germany","DE3","Berlin","DE30","Berlin","DE300","Berlin","Suburban","2017","PM10","WHO_2021_AQG_Scen_Base","126702","110","18.9","19.1","0","0","0","0","0","0"
"Germany","DE3","Berlin","DE30","Berlin","DE300","Berlin","Suburban","2017","PM2.5","WHO_2021_AQG_Scen_Base","126702","110","14.0","14.1","92","71","103","974","743","1086"
"Germany","DE3","Berlin","DE30","Berlin","DE300","Berlin","Rural","2017","NO2","WHO_2021_AQG_Scen_Base","8452","97","11.6","12.6","0","0","1","5","2","10"
"Germany","DE3","Berlin","DE30","Berlin","DE300","Berlin","Rural","2017","O3","WHO_2021_AQG_Scen_Base","8452","97","2826.8","2759.3","0","0","0","3","3","4"
"Germany","DE3","Berlin","DE30","Berlin","DE300","Berlin","Rural","2017","PM10","WHO_2021_AQG_Scen_Base","8452","97","16.2","17.0","0","0","0","0","0","0"
"Germany","DE3","Berlin","DE30","Berlin","DE300","Berlin","Rural","2017","PM2.5","WHO_2021_AQG_Scen_Base","8452","97","11.8","12.5","5","4","6","54","41","60"
"Germany","DE3","Berlin","DE30","Berlin","DE300","Berlin","All Areas (incl.unclassified)","2017","NO2","WHO_2021_AQG_Scen_Sensitivity_2","3366557","801","20.2","24.3","1696","863","3282","17862","9085","34549"
"Germany","DE3","Berlin","DE30","Berlin","DE300","Berlin","All Areas (incl.unclassified)","2017","PM2.5","WHO_2021_AQG_Scen_Sensitivity_2","3366557","801","14.5","15.2","3980","3056","4427","41908","32175","46606"
"Germany","DE3","Berlin","DE30","Berlin","DE300","Berlin","Urban","2017","NO2","WHO_2021_AQG_Scen_Sensitivity_2","3231403","594","22.4","24.6","1649","839","3189","17361","8831","33571"
"Germany","DE3","Berlin","DE30","Berlin","DE300","Berlin","Urban","2017","PM2.5","WHO_2021_AQG_Scen_Sensitivity_2","3231403","594","15.0","15.2","3832","2942","4262","40342","30974","44864"
"Germany","DE3","Berlin","DE30","Berlin","DE300","Berlin","Suburban","2017","NO2","WHO_2021_AQG_Scen_Sensitivity_2","126702","110","16.0","17.2","45","23","89","478","242","932"
"Germany","DE3","Berlin","DE30","Berlin","DE300","Berlin","Suburban","2017","PM2.5","WHO_2021_AQG_Scen_Sensitivity_2","126702","110","14.0","14.1","140","108","156","1478","1134","1644"
"Germany","DE3","Berlin","DE30","Berlin","DE300","Berlin","Rural","2017","NO2","WHO_2021_AQG_Scen_Sensitivity_2","8452","97","11.6","12.6","2","1","4","23","12","46"
"Germany","DE3","Berlin","DE30","Berlin","DE300","Berlin","Rural","2017","PM2.5","WHO_2021_AQG_Scen_Sensitivity_2","8452","97","11.8","12.5","8","6","9","88","67","98"
"Germany","DE3","Berlin","DE30","Berlin","DE300","Berlin","All Areas (incl.unclassified)","2018","NO2","WHO_2005_HRAPIE_Scen_Base","3377602","801","19.8","24.3","886","510","1264","9191","5285","13099"
"Germany","DE3","Berlin","DE30","Berlin","DE300","Berlin","All Areas (incl.unclassified)","2018","O3","WHO_2005_HRAPIE_Scen_Base","3377602","801","5334.4","5136.7","151","73","225","1627","787","2409"
"Germany","DE3","Berlin","DE30","Berlin","DE300","Berlin","All Areas (incl.unclassified)","2018","PM10","WHO_2005_HRAPIE_Scen_Base","3377602","801","21.7","22.7","0","0","0","0","0","0"
"Germany","DE3","Berlin","DE30","Berlin","DE300","Berlin","All Areas (incl.unclassified)","2018","PM2.5","WHO_2005_HRAPIE_Scen_Base","3377602","801","15.1","15.7","3321","2201","4337","34418","22807","44940"
"Germany","DE3","Berlin","DE30","Berlin","DE300","Berlin","Urban","2018","NO2","WHO_2005_HRAPIE_Scen_Base","3242004","594","22.1","24.6","886","510","1263","9186","5282","13092"
"Germany","DE3","Berlin","DE30","Berlin","DE300","Berlin","Urban","2018","O3","WHO_2005_HRAPIE_Scen_Base","3242004","594","5199.8","5125.1","145","70","215","1558","754","2307"
"Germany","DE3","Berlin","DE30","Berlin","DE300","Berlin","Urban","2018","PM10","WHO_2005_HRAPIE_Scen_Base","3242004","594","22.5","22.8","0","0","0","0","0","0"
"Germany","DE3","Berlin","DE30","Berlin","DE300","Berlin","Urban","2018","PM2.5","WHO_2005_HRAPIE_Scen_Base","3242004","594","15.5","15.7","3197","2119","4174","33131","21955","43258"
"Germany","DE3","Berlin","DE30","Berlin","DE300","Berlin","Suburban","2018","NO2","WHO_2005_HRAPIE_Scen_Base","127118","110","15.4","16.5","0","0","1","5","3","7"
"Germany","DE3","Berlin","DE30","Berlin","DE300","Berlin","Suburban","2018","O3","WHO_2005_HRAPIE_Scen_Base","127118","110","5485.7","5384.5","6","3","9","64","31","95"
"Germany","DE3","Berlin","DE30","Berlin","DE300","Berlin","Suburban","2018","PM10","WHO_2005_HRAPIE_Scen_Base","127118","110","20.5","20.7","0","0","0","0","0","0"
"Germany","DE3","Berlin","DE30","Berlin","DE300","Berlin","Suburban","2018","PM2.5","WHO_2005_HRAPIE_Scen_Base","127118","110","14.4","14.6","117","77","153","1211","802","1583"
"Germany","DE3","Berlin","DE30","Berlin","DE300","Berlin","Rural","2018","NO2","WHO_2005_HRAPIE_Scen_Base","8480","97","11.0","12.1","0","0","0","0","0","0"
"Germany","DE3","Berlin","DE30","Berlin","DE300","Berlin","Rural","2018","O3","WHO_2005_HRAPIE_Scen_Base","8480","97","5986.5","5840.4","0","0","1","5","2","7"
"Germany","DE3","Berlin","DE30","Berlin","DE300","Berlin","Rural","2018","PM10","WHO_2005_HRAPIE_Scen_Base","8480","97","18.5","19.1","0","0","0","0","0","0"
"Germany","DE3","Berlin","DE30","Berlin","DE300","Berlin","Rural","2018","PM2.5","WHO_2005_HRAPIE_Scen_Base","8480","97","13.3","13.6","7","5","10","76","50","99"
"Germany","DE3","Berlin","DE30","Berlin","DE300","Berlin","All Areas (incl.unclassified)","2018","NO2","WHO_2021_AQG_Scen_Base","3377602","801","19.8","24.3","1027","520","2004","10640","5386","20764"
"Germany","DE3","Berlin","DE30","Berlin","DE300","Berlin","All Areas (incl.unclassified)","2018","O3","WHO_2021_AQG_Scen_Base","3377602","801","5334.4","5136.7","225","178","271","2408","1906","2910"
"Germany","DE3","Berlin","DE30","Berlin","DE300","Berlin","All Areas (incl.unclassified)","2018","PM10","WHO_2021_AQG_Scen_Base","3377602","801","21.7","22.7","0","0","0","0","0","0"
"Germany","DE3","Berlin","DE30","Berlin","DE300","Berlin","All Areas (incl.unclassified)","2018","PM2.5","WHO_2021_AQG_Scen_Base","3377602","801","15.1","15.7","2907","2224","3240","30126","23035","33570"
"Germany","DE3","Berlin","DE30","Berlin","DE300","Berlin","Urban","2018","NO2","WHO_2021_AQG_Scen_Base","3242004","594","22.1","24.6","1009","511","1968","10451","5291","20391"
"Germany","DE3","Berlin","DE30","Berlin","DE300","Berlin","Urban","2018","O3","WHO_2021_AQG_Scen_Base","3242004","594","5199.8","5125.1","215","170","259","2306","1826","2787"
"Germany","DE3","Berlin","DE30","Berlin","DE300","Berlin","Urban","2018","PM10","WHO_2021_AQG_Scen_Base","3242004","594","22.5","22.8","0","0","0","0","0","0"
"Germany","DE3","Berlin","DE30","Berlin","DE300","Berlin","Urban","2018","PM2.5","WHO_2021_AQG_Scen_Base","3242004","594","15.5","15.7","2802","2143","3123","29039","22205","32359"
"Germany","DE3","Berlin","DE30","Berlin","DE300","Berlin","Suburban","2018","NO2","WHO_2021_AQG_Scen_Base","127118","110","15.4","16.5","18","9","35","185","93","364"
"Germany","DE3","Berlin","DE30","Berlin","DE300","Berlin","Suburban","2018","O3","WHO_2021_AQG_Scen_Base","127118","110","5485.7","5384.5","9","7","11","95","75","115"
"Germany","DE3","Berlin","DE30","Berlin","DE300","Berlin","Suburban","2018","PM10","WHO_2021_AQG_Scen_Base","127118","110","20.5","20.7","0","0","0","0","0","0"
"Germany","DE3","Berlin","DE30","Berlin","DE300","Berlin","Suburban","2018","PM2.5","WHO_2021_AQG_Scen_Base","127118","110","14.4","14.6","99","76","110","1025","783","1142"
"Germany","DE3","Berlin","DE30","Berlin","DE300","Berlin","Rural","2018","NO2","WHO_2021_AQG_Scen_Base","8480","97","11.0","12.1","0","0","1","4","2","9"
"Germany","DE3","Berlin","DE30","Berlin","DE300","Berlin","Rural","2018","O3","WHO_2021_AQG_Scen_Base","8480","97","5986.5","5840.4","1","1","1","7","5","8"
"Germany","DE3","Berlin","DE30","Berlin","DE300","Berlin","Rural","2018","PM10","WHO_2021_AQG_Scen_Base","8480","97","18.5","19.1","0","0","0","0","0","0"
"Germany","DE3","Berlin","DE30","Berlin","DE300","Berlin","Rural","2018","PM2.5","WHO_2021_AQG_Scen_Base","8480","97","13.3","13.6","6","5","7","62","47","69"
"Germany","DE3","Berlin","DE30","Berlin","DE300","Berlin","All Areas (incl.unclassified)","2018","NO2","WHO_2021_AQG_Scen_Sensitivity_2","3377602","801","19.8","24.3","1732","881","3350","17953","9131","34718"
"Germany","DE3","Berlin","DE30","Berlin","DE300","Berlin","All Areas (incl.unclassified)","2018","PM2.5","WHO_2021_AQG_Scen_Sensitivity_2","3377602","801","15.1","15.7","4195","3222","4664","43469","33387","48332"
"Germany","DE3","Berlin","DE30","Berlin","DE300","Berlin","Urban","2018","NO2","WHO_2021_AQG_Scen_Sensitivity_2","3242004","594","22.1","24.6","1685","857","3259","17466","8884","33768"
"Germany","DE3","Berlin","DE30","Berlin","DE300","Berlin","Urban","2018","PM2.5","WHO_2021_AQG_Scen_Sensitivity_2","3242004","594","15.5","15.7","4038","3102","4490","41842","32139","46522"
"Germany","DE3","Berlin","DE30","Berlin","DE300","Berlin","Suburban","2018","NO2","WHO_2021_AQG_Scen_Sensitivity_2","127118","110","15.4","16.5","45","23","87","464","235","905"
"Germany","DE3","Berlin","DE30","Berlin","DE300","Berlin","Suburban","2018","PM2.5","WHO_2021_AQG_Scen_Sensitivity_2","127118","110","14.4","14.6","148","113","164","1531","1175","1703"
"Germany","DE3","Berlin","DE30","Berlin","DE300","Berlin","Rural","2018","NO2","WHO_2021_AQG_Scen_Sensitivity_2","8480","97","11.0","12.1","2","1","4","23","12","45"
"Germany","DE3","Berlin","DE30","Berlin","DE300","Berlin","Rural","2018","PM2.5","WHO_2021_AQG_Scen_Sensitivity_2","8480","97","13.3","13.6","9","7","10","96","73","107"
"Germany","DE3","Berlin","DE30","Berlin","DE300","Berlin","All Areas (incl.unclassified)","2019","NO2","WHO_2005_HRAPIE_Scen_Base","3386854","801","18.1","22.0","501","287","717","5325","3053","7612"
"Germany","DE3","Berlin","DE30","Berlin","DE300","Berlin","All Areas (incl.unclassified)","2019","O3","WHO_2005_HRAPIE_Scen_Base","3386854","801","4526.7","4298.6","124","60","185","1371","663","2030"
"Germany","DE3","Berlin","DE30","Berlin","DE300","Berlin","All Areas (incl.unclassified)","2019","PM10","WHO_2005_HRAPIE_Scen_Base","3386854","801","17.8","18.5","0","0","0","0","0","0"
"Germany","DE3","Berlin","DE30","Berlin","DE300","Berlin","All Areas (incl.unclassified)","2019","PM2.5","WHO_2005_HRAPIE_Scen_Base","3386854","801","12.0","12.4","2618","1729","3428","27797","18359","36406"
"Germany","DE3","Berlin","DE30","Berlin","DE300","Berlin","Urban","2019","NO2","WHO_2005_HRAPIE_Scen_Base","3250885","594","20.1","22.3","501","287","717","5324","3052","7611"
"Germany","DE3","Berlin","DE30","Berlin","DE300","Berlin","Urban","2019","O3","WHO_2005_HRAPIE_Scen_Base","3250885","594","4369.1","4284.5","119","58","177","1312","634","1942"
"Germany","DE3","Berlin","DE30","Berlin","DE300","Berlin","Urban","2019","PM10","WHO_2005_HRAPIE_Scen_Base","3250885","594","18.3","18.6","0","0","0","0","0","0"
"Germany","DE3","Berlin","DE30","Berlin","DE300","Berlin","Urban","2019","PM2.5","WHO_2005_HRAPIE_Scen_Base","3250885","594","12.3","12.4","2519","1664","3299","26753","17670","35038"
"Germany","DE3","Berlin","DE30","Berlin","DE300","Berlin","Suburban","2019","NO2","WHO_2005_HRAPIE_Scen_Base","127466","110","14.5","15.6","0","0","0","1","1","1"
"Germany","DE3","Berlin","DE30","Berlin","DE300","Berlin","Suburban","2019","O3","WHO_2005_HRAPIE_Scen_Base","127466","110","4706.1","4603.5","5","2","7","55","27","82"
"Germany","DE3","Berlin","DE30","Berlin","DE300","Berlin","Suburban","2019","PM10","WHO_2005_HRAPIE_Scen_Base","127466","110","17.0","17.1","0","0","0","0","0","0"
"Germany","DE3","Berlin","DE30","Berlin","DE300","Berlin","Suburban","2019","PM2.5","WHO_2005_HRAPIE_Scen_Base","127466","110","11.5","11.6","93","61","121","983","649","1288"
"Germany","DE3","Berlin","DE30","Berlin","DE300","Berlin","Rural","2019","NO2","WHO_2005_HRAPIE_Scen_Base","8503","97","10.2","11.3","0","0","0","0","0","0"
"Germany","DE3","Berlin","DE30","Berlin","DE300","Berlin","Rural","2019","O3","WHO_2005_HRAPIE_Scen_Base","8503","97","5287.7","5135.2","0","0","1","4","2","6"
"Germany","DE3","Berlin","DE30","Berlin","DE300","Berlin","Rural","2019","PM10","WHO_2005_HRAPIE_Scen_Base","8503","97","15.3","15.9","0","0","0","0","0","0"
"Germany","DE3","Berlin","DE30","Berlin","DE300","Berlin","Rural","2019","PM2.5","WHO_2005_HRAPIE_Scen_Base","8503","97","10.5","10.8","6","4","8","61","40","80"
"Germany","DE3","Berlin","DE30","Berlin","DE300","Berlin","All Areas (incl.unclassified)","2019","NO2","WHO_2021_AQG_Scen_Base","3386854","801","18.1","22.0","852","431","1667","9051","4577","17705"
"Germany","DE3","Berlin","DE30","Berlin","DE300","Berlin","All Areas (incl.unclassified)","2019","O3","WHO_2021_AQG_Scen_Base","3386854","801","4526.7","4298.6","185","146","223","2029","1607","2452"
"Germany","DE3","Berlin","DE30","Berlin","DE300","Berlin","All Areas (incl.unclassified)","2019","PM10","WHO_2021_AQG_Scen_Base","3386854","801","17.8","18.5","0","0","0","0","0","0"
"Germany","DE3","Berlin","DE30","Berlin","DE300","Berlin","All Areas (incl.unclassified)","2019","PM2.5","WHO_2021_AQG_Scen_Base","3386854","801","12.0","12.4","2017","1538","2250","21420","16329","23904"
"Germany","DE3","Berlin","DE30","Berlin","DE300","Berlin","Urban","2019","NO2","WHO_2021_AQG_Scen_Base","3250885","594","20.1","22.3","837","423","1637","8889","4495","17385"
"Germany","DE3","Berlin","DE30","Berlin","DE300","Berlin","Urban","2019","O3","WHO_2021_AQG_Scen_Base","3250885","594","4369.1","4284.5","177","140","213","1941","1537","2346"
"Germany","DE3","Berlin","DE30","Berlin","DE300","Berlin","Urban","2019","PM10","WHO_2021_AQG_Scen_Base","3250885","594","18.3","18.6","0","0","0","0","0","0"
"Germany","DE3","Berlin","DE30","Berlin","DE300","Berlin","Urban","2019","PM2.5","WHO_2021_AQG_Scen_Base","3250885","594","12.3","12.4","1945","1483","2170","20654","15746","23049"
"Germany","DE3","Berlin","DE30","Berlin","DE300","Berlin","Suburban","2019","NO2","WHO_2021_AQG_Scen_Base","127466","110","14.5","15.6","15","8","29","159","80","313"
"Germany","DE3","Berlin","DE30","Berlin","DE300","Berlin","Suburban","2019","O3","WHO_2021_AQG_Scen_Base","127466","110","4706.1","4603.5","7","6","9","82","65","99"
"Germany","DE3","Berlin","DE30","Berlin","DE300","Berlin","Suburban","2019","PM10","WHO_2021_AQG_Scen_Base","127466","110","17.0","17.1","0","0","0","0","0","0"
"Germany","DE3","Berlin","DE30","Berlin","DE300","Berlin","Suburban","2019","PM2.5","WHO_2021_AQG_Scen_Base","127466","110","11.5","11.6","68","52","76","724","551","808"
"Germany","DE3","Berlin","DE30","Berlin","DE300","Berlin","Rural","2019","NO2","WHO_2021_AQG_Scen_Base","8503","97","10.2","11.3","0","0","1","3","2","7"
"Germany","DE3","Berlin","DE30","Berlin","DE300","Berlin","Rural","2019","O3","WHO_2021_AQG_Scen_Base","8503","97","5287.7","5135.2","1","0","1","6","5","7"
"Germany","DE3","Berlin","DE30","Berlin","DE300","Berlin","Rural","2019","PM10","WHO_2021_AQG_Scen_Base","8503","97","15.3","15.9","0","0","0","0","0","0"
"Germany","DE3","Berlin","DE30","Berlin","DE300","Berlin","Rural","2019","PM2.5","WHO_2021_AQG_Scen_Base","8503","97","10.5","10.8","4","3","4","42","32","47"
"Germany","DE3","Berlin","DE30","Berlin","DE300","Berlin","All Areas (incl.unclassified)","2019","NO2","WHO_2021_AQG_Scen_Sensitivity_2","3386854","801","18.1","22.0","1549","787","3002","16449","8357","31885"
"Germany","DE3","Berlin","DE30","Berlin","DE300","Berlin","All Areas (incl.unclassified)","2019","O3","WHO_2021_AQG_Scen_Sensitivity_2","3386854","801","18146.5","17736.0","755","599","911","8308","6587","10022"
"Germany","DE3","Berlin","DE30","Berlin","DE300","Berlin","All Areas (incl.unclassified)","2019","PM2.5","WHO_2021_AQG_Scen_Sensitivity_2","3386854","801","12.0","12.4","3314","2539","3691","35200","26957","39193"
"Germany","DE3","Berlin","DE30","Berlin","DE300","Berlin","Urban","2020","PM2.5","WHO_2021_AQG_Scen_Sensitivity_2","3256660","594","11.1","11.2","3045","2330","3393","31206","23873","34765"
"Germany","DE3","Berlin","DE30","Berlin","DE300","Berlin","Suburban","2020","NO2","WHO_2021_AQG_Scen_Sensitivity_2","127693","110","12.3","13.1","37","19","72","377","191","737"
"Germany","DE3","Berlin","DE30","Berlin","DE300","Berlin","Suburban","2020","O3","WHO_2021_AQG_Scen_Sensitivity_2","127693","110","17899.7","17838.6","30","24","36","318","252","384"
"Germany","DE3","Berlin","DE30","Berlin","DE300","Berlin","Suburban","2020","PM2.5","WHO_2021_AQG_Scen_Sensitivity_2","127693","110","10.4","10.4","111","85","124","1139","871","1270"
"Germany","DE3","Berlin","DE30","Berlin","DE300","Berlin","Rural","2020","NO2","WHO_2021_AQG_Scen_Sensitivity_2","8518","97","8.8","9.6","2","1","4","19","9","36"
"Germany","DE3","Berlin","DE30","Berlin","DE300","Berlin","Rural","2020","O3","WHO_2021_AQG_Scen_Sensitivity_2","8518","97","18266.9","18162.5","2","2","2","22","17","26"
"Germany","DE3","Berlin","DE30","Berlin","DE300","Berlin","Rural","2020","PM2.5","WHO_2021_AQG_Scen_Sensitivity_2","8518","97","9.4","9.6","7","5","8","70","54","79"
"Germany","DE3","Berlin","DE30","Berlin","DE300","Berlin","Urban","2019","NO2","WHO_2021_AQG_Scen_Sensitivity_2","3250885","594","20.1","22.3","1505","765","2917","15987","8123","30983"
"Germany","DE3","Berlin","DE30","Berlin","DE300","Berlin","Urban","2019","O3","WHO_2021_AQG_Scen_Sensitivity_2","3250885","594","17857.2","17709.6","724","574","874","7962","6313","9606"
"Germany","DE3","Berlin","DE30","Berlin","DE300","Berlin","Urban","2019","PM2.5","WHO_2021_AQG_Scen_Sensitivity_2","3250885","594","12.3","12.4","3190","2443","3552","33877","25945","37720"
"Germany","DE3","Berlin","DE30","Berlin","DE300","Berlin","Suburban","2019","NO2","WHO_2021_AQG_Scen_Sensitivity_2","127466","110","14.5","15.6","42","21","81","441","223","860"
"Germany","DE3","Berlin","DE30","Berlin","DE300","Berlin","Suburban","2019","O3","WHO_2021_AQG_Scen_Sensitivity_2","127466","110","18483.8","18307.2","29","23","35","323","256","389"
"Germany","DE3","Berlin","DE30","Berlin","DE300","Berlin","Suburban","2019","PM2.5","WHO_2021_AQG_Scen_Sensitivity_2","127466","110","11.5","11.6","117","90","131","1246","953","1387"
"Germany","DE3","Berlin","DE30","Berlin","DE300","Berlin","Rural","2019","NO2","WHO_2021_AQG_Scen_Sensitivity_2","8503","97","10.2","11.3","2","1","4","21","11","42"
"Germany","DE3","Berlin","DE30","Berlin","DE300","Berlin","Rural","2019","O3","WHO_2021_AQG_Scen_Sensitivity_2","8503","97","19534.4","19274.5","2","2","2","23","18","27"
"Germany","DE3","Berlin","DE30","Berlin","DE300","Berlin","Rural","2019","PM2.5","WHO_2021_AQG_Scen_Sensitivity_2","8503","97","10.5","10.8","7","6","8","77","59","86"
"Germany","DE3","Berlin","DE30","Berlin","DE300","Berlin","All Areas (incl.unclassified)","2020","NO2","WHO_2005_HRAPIE_Scen_Base","3392871","801","15.1","18.5","129","74","185","1323","756","1897"
"Germany","DE3","Berlin","DE30","Berlin","DE300","Berlin","All Areas (incl.unclassified)","2020","O3","WHO_2005_HRAPIE_Scen_Base","3392871","801","3955.2","3917.0","120","57","177","1264","611","1872"
"Germany","DE3","Berlin","DE30","Berlin","DE300","Berlin","All Areas (incl.unclassified)","2020","PM10","WHO_2005_HRAPIE_Scen_Base","3392871","801","16.0","16.7","0","0","0","0","0","0"
"Germany","DE3","Berlin","DE30","Berlin","DE300","Berlin","All Areas (incl.unclassified)","2020","PM2.5","WHO_2005_HRAPIE_Scen_Base","3392871","801","10.8","11.2","2496","1647","3272","25574","16870","33533"
"Germany","DE3","Berlin","DE30","Berlin","DE300","Berlin","Urban","2020","NO2","WHO_2005_HRAPIE_Scen_Base","3256660","594","16.7","18.7","129","74","185","1323","756","1897"
"Germany","DE3","Berlin","DE30","Berlin","DE300","Berlin","Urban","2020","O3","WHO_2005_HRAPIE_Scen_Base","3256660","594","3927.9","3915.7","115","55","170","1213","586","1796"
"Germany","DE3","Berlin","DE30","Berlin","DE300","Berlin","Urban","2020","PM10","WHO_2005_HRAPIE_Scen_Base","3256660","594","16.5","16.7","0","0","0","0","0","0"
"Germany","DE3","Berlin","DE30","Berlin","DE300","Berlin","Urban","2020","PM2.5","WHO_2005_HRAPIE_Scen_Base","3256660","594","11.1","11.2","2403","1585","3150","24620","16241","32281"
"Germany","DE3","Berlin","DE30","Berlin","DE300","Berlin","Suburban","2020","NO2","WHO_2005_HRAPIE_Scen_Base","127693","110","12.3","13.1","0","0","0","0","0","0"
"Germany","DE3","Berlin","DE30","Berlin","DE300","Berlin","Suburban","2020","O3","WHO_2005_HRAPIE_Scen_Base","127693","110","3970.0","3941.8","5","2","7","48","23","71"
"Germany","DE3","Berlin","DE30","Berlin","DE300","Berlin","Suburban","2020","PM10","WHO_2005_HRAPIE_Scen_Base","127693","110","15.4","15.6","0","0","0","0","0","0"
"Germany","DE3","Berlin","DE30","Berlin","DE300","Berlin","Suburban","2020","PM2.5","WHO_2005_HRAPIE_Scen_Base","127693","110","10.4","10.4","88","58","115","898","592","1179"
